filename,classification
potw1423a.jpg,galaxies
aug-heic1322c.jpg,solarsystem
aug-heic0615a.jpg,galaxies
aug-heic1801a.jpg,galaxies
aug-opo0842a.jpg,solarsystem
aug-opo9433a.jpg,solarsystem
heic1815a.jpg,solarsystem
aug-opo1347a.jpg,solarsystem
heic0114a.jpg,nebulae
heic0619a.jpg,nebulae
heic1011a.jpg,nebulae
aug-opo0827d.jpg,solarsystem
opo0613a.jpg,nebulae
potw2152a.jpg,galaxies
heic0109a.jpg,nebulae
aug-potw2211a.jpg,galaxies
opo9453a.jpg,solarsystem
potw1408a.jpg,galaxies
potw2305a.jpg,nebulae
aug-opo9834e.jpg,solarsystem
heic2102a.jpg,nebulae
opo1622f.jpg,solarsystem
aug-heic1507f.jpg,nebulae
potw1445a.jpg,galaxies
aug-potw2046a.jpg,galaxies
potw1110a.jpg,nebulae
heic1410e.jpg,solarsystem
aug-opo0309a.jpg,nebulae
heic0607b.jpg,nebulae
heic1707a.jpg,nebulae
heic2113c.jpg,solarsystem
aug-potw2045a.jpg,galaxies
aug-potw1020a.jpg,nebulae
aug-potw1720b.jpg,nebulae
aug-potw2232a.jpg,nebulae
opo0405a.jpg,solarsystem
potw1818a.jpg,galaxies
aug-potw1029a.jpg,galaxies
heic1811a.jpg,galaxies
heic2002a.jpg,galaxies
heic1810a.jpg,galaxies
aug-potw1015a.jpg,nebulae
aug-opo1622e.jpg,solarsystem
aug-heic0006b.jpg,nebulae
aug-heic1814a.jpg,solarsystem
opo9516i.jpg,solarsystem
opo9913c.jpg,solarsystem
potw1151a.jpg,galaxies
potw1812a.jpg,galaxies
opo0635a.jpg,nebulae
potw2006a.jpg,galaxies
aug-opo0214a.jpg,nebulae
aug-heic2017a.jpg,solarsystem
heic1507d.jpg,nebulae
aug-potw2029a.jpg,galaxies
opo9544b.jpg,nebulae
potw1136a.jpg,nebulae
opo0006a.jpg,nebulae
aug-potw1147a.jpg,nebulae
aug-opo0732f.jpg,solarsystem
aug-opo0010a.jpg,nebulae
aug-heic1504e.jpg,solarsystem
potw1819a.jpg,galaxies
opo9634h.jpg,solarsystem
heic2011b.jpg,nebulae
heic1301a.jpg,nebulae
opo0417b.jpg,nebulae
heic1501b.jpg,nebulae
aug-heic0715a.jpg,nebulae
aug-opo9545a.jpg,nebulae
potw1810a.jpg,galaxies
aug-heic1709a.jpg,galaxies
heic1416a.jpg,galaxies
heic2020b.jpg,nebulae
aug-opo9426b.jpg,solarsystem
potw1811a.jpg,galaxies
aug-heic1509c.jpg,nebulae
heic0910h.jpg,nebulae
heic0007b.jpg,galaxies
opo9834b.jpg,solarsystem
aug-opo0806c.jpg,solarsystem
aug-opo9616b.jpg,solarsystem
heic1819b.jpg,nebulae
opo9738d.jpg,nebulae
aug-potw2330a.jpg,galaxies
aug-heic1316a.jpg,nebulae
opo9804b.jpg,solarsystem
aug-opo0745a.jpg,solarsystem
aug-potw1720e.jpg,nebulae
aug-potw1207a.jpg,nebulae
aug-potw1241a.jpg,nebulae
potw1425a.jpg,galaxies
heic0909b.jpg,solarsystem
potw1147a.jpg,nebulae
aug-heic1109a.jpg,galaxies
aug-heic0814b.jpg,galaxies
heic1814d.jpg,solarsystem
opo2059a.jpg,solarsystem
opo9818a.jpg,solarsystem
opo2305a.jpg,solarsystem
potw1952a.jpg,galaxies
potw1128a.jpg,nebulae
aug-opo0708a.jpg,galaxies
aug-heic1509a.jpg,nebulae
heic1108a.jpg,galaxies
aug-opo9537b.jpg,solarsystem
potw2207a.jpg,galaxies
aug-opo1022a.jpg,nebulae
heic2303a.jpg,solarsystem
opo9935d.jpg,nebulae
aug-opo9834c.jpg,solarsystem
potw1124a.jpg,nebulae
heic1015a.jpg,nebulae
aug-potw2039a.jpg,galaxies
potw2232a.jpg,nebulae
opo1419b.jpg,solarsystem
aug-heic0911b.jpg,galaxies
heic2020c.jpg,nebulae
potw2108a.jpg,galaxies
aug-heic0902a.jpg,galaxies
heic0602a.jpg,galaxies
aug-potw2250a.jpg,nebulae
aug-opo9516d.jpg,solarsystem
opo0320a.jpg,nebulae
aug-potw1942a.jpg,galaxies
aug-heic1901a.jpg,galaxies
opo0207a.jpg,galaxies
opo0028a.jpg,nebulae
potw1250a.jpg,nebulae
heic1903a.jpg,galaxies
heic1914a.jpg,solarsystem
heic2018b.jpg,galaxies
aug-potw1705a.jpg,nebulae
heic1814b.jpg,solarsystem
heic1110a.jpg,galaxies
potw1217a.jpg,nebulae
potw1721a.jpg,nebulae
aug-potw1943a.jpg,galaxies
aug-opo0732d.jpg,solarsystem
heic1403a.jpg,galaxies
opo0708a.jpg,galaxies
aug-heic0607b.jpg,nebulae
aug-potw1434a.jpg,nebulae
potw1626a.jpg,galaxies
aug-heic0301a.jpg,nebulae
aug-opo9537c.jpg,solarsystem
aug-opo0006a.jpg,nebulae
aug-opo9839a.jpg,nebulae
aug-opo9912a.jpg,nebulae
potw2044a.jpg,galaxies
opo9537c.jpg,solarsystem
opo9632b.jpg,solarsystem
heic0206b.jpg,galaxies
opo9912a.jpg,nebulae
potw2132a.jpg,galaxies
aug-heic0817a.jpg,galaxies
potw2330a.jpg,galaxies
aug-opo9715c1.jpg,solarsystem
potw1801a.jpg,galaxies
aug-opo0613a.jpg,nebulae
aug-potw2204a.jpg,galaxies
aug-opo9615a.jpg,solarsystem
opo9929b.jpg,solarsystem
heic0507a.jpg,nebulae
opo9539b.jpg,solarsystem
heic1623a.jpg,nebulae
aug-potw1114a.jpg,nebulae
aug-heic0901a.jpg,galaxies
aug-potw1726a.jpg,galaxies
aug-potw1436a.jpg,galaxies
potw2007a.jpg,galaxies
aug-potw1933a.jpg,nebulae
aug-heic0414a.jpg,nebulae
heic1520a.jpg,nebulae
aug-potw1128a.jpg,nebulae
aug-opo1006d.jpg,solarsystem
aug-potw2102a.jpg,galaxies
potw2027a.jpg,galaxies
aug-heic0910h.jpg,nebulae
aug-opo2306a.jpg,solarsystem
opo9925a.jpg,galaxies
aug-heic1819a.jpg,nebulae
potw2106a.jpg,nebulae
heic0904a.jpg,solarsystem
aug-potw1308a.jpg,nebulae
heic0911b.jpg,galaxies
aug-potw2201a.jpg,galaxies
potw1419a.jpg,galaxies
aug-opo9638b.jpg,nebulae
potw1853a.jpg,nebulae
aug-heic1920c.jpg,galaxies
opo9738a.jpg,nebulae
potw1448a.jpg,galaxies
aug-potw1950a.jpg,galaxies
opo0030a.jpg,nebulae
aug-opo0323d.jpg,solarsystem
aug-heic1310a.jpg,nebulae
aug-potw1812a.jpg,galaxies
aug-opo9434a.jpg,solarsystem
aug-potw1924a.jpg,galaxies
aug-heic1003a.jpg,solarsystem
aug-opo9834b.jpg,solarsystem
potw2034a.jpg,nebulae
aug-potw1127a.jpg,nebulae
aug-heic1922a.jpg,solarsystem
aug-heic1402a.jpg,nebulae
potw1720a.jpg,nebulae
potw1029a.jpg,galaxies
aug-heic1707a.jpg,nebulae
opo9434a.jpg,solarsystem
opo9634f.jpg,solarsystem
heic1507i.jpg,nebulae
aug-potw1929a.jpg,galaxies
opo1431b.jpg,solarsystem
potw2213a.jpg,galaxies
aug-potw2222a.jpg,galaxies
aug-potw1951a.jpg,galaxies
aug-heic1920a.jpg,galaxies
aug-opo1622d.jpg,solarsystem
aug-opo1006b.jpg,solarsystem
aug-opo0501a.jpg,galaxies
aug-heic1504g.jpg,solarsystem
aug-heic1110a.jpg,galaxies
aug-heic0904d.jpg,solarsystem
aug-potw1821a.jpg,galaxies
aug-potw1721a.jpg,nebulae
heic0712b.jpg,nebulae
aug-heic0604d.jpg,galaxies
aug-opo9539c.jpg,solarsystem
aug-opo0019c.jpg,nebulae
aug-heic1509f.jpg,nebulae
aug-opo9721a.jpg,solarsystem
potw1907a.jpg,solarsystem
opo0822a.jpg,nebulae
aug-heic1805a.jpg,galaxies
aug-potw1109a.jpg,nebulae
aug-potw1402a.jpg,galaxies
aug-potw2304a.jpg,nebulae
aug-potw1329a.jpg,galaxies
potw2014a.jpg,galaxies
heic1904a.jpg,solarsystem
heic0904f.jpg,solarsystem
opo9535c.jpg,solarsystem
potw1935a.jpg,galaxies
aug-heic0114a.jpg,nebulae
opo0405d.jpg,solarsystem
heic0416a.jpg,nebulae
aug-opo9616c.jpg,solarsystem
potw1538a.jpg,galaxies
potw2042a.jpg,galaxies
aug-opo9834d.jpg,solarsystem
aug-potw2114a.jpg,galaxies
aug-heic1414a.jpg,galaxies
heic0105a.jpg,nebulae
aug-heic1810a.jpg,galaxies
potw1833a.jpg,galaxies
aug-heic1715a.jpg,solarsystem
aug-opo9105a.jpg,solarsystem
potw1219a.jpg,solarsystem
heic1820b.jpg,galaxies
aug-opo0827c.jpg,solarsystem
aug-potw1626a.jpg,galaxies
opo0842a.jpg,solarsystem
aug-potw1944a.jpg,nebulae
potw1127a.jpg,nebulae
aug-heic2113e.jpg,solarsystem
aug-potw2033a.jpg,nebulae
aug-heic1507b.jpg,nebulae
opo9516d.jpg,solarsystem
heic1906a.jpg,solarsystem
potw1436a.jpg,galaxies
aug-opo1733a.jpg,galaxies
aug-potw1941a.jpg,galaxies
aug-potw1906a.jpg,solarsystem
aug-potw1033a.jpg,nebulae
aug-opo9634d.jpg,solarsystem
aug-opo9804b.jpg,solarsystem
aug-opo9715c4.jpg,solarsystem
heic0712c.jpg,nebulae
potw2251a.jpg,nebulae
potw1331a.jpg,nebulae
potw1130a.jpg,nebulae
aug-potw1539a.jpg,galaxies
aug-heic0904e.jpg,solarsystem
heic1808a.jpg,nebulae
aug-potw1423a.jpg,galaxies
aug-heic1901d.jpg,nebulae
opo0322a.jpg,solarsystem
heic1316a.jpg,nebulae
aug-opo9453a.jpg,solarsystem
heic1922a.jpg,solarsystem
aug-heic1007f.jpg,nebulae
aug-opo9810e.jpg,solarsystem
aug-heic1007c.jpg,nebulae
opo9828c.jpg,solarsystem
opo9603a.jpg,nebulae
heic0601a.jpg,nebulae
opo0823c.jpg,solarsystem
aug-potw2132a.jpg,galaxies
aug-potw1222a.jpg,nebulae
potw1539a.jpg,galaxies
aug-opo0823a.jpg,solarsystem
potw2020a.jpg,galaxies
opo1331a.jpg,solarsystem
opo9509a.jpg,solarsystem
potw2102a.jpg,galaxies
heic2007a.jpg,nebulae
heic0601d.jpg,nebulae
aug-heic1305a.jpg,galaxies
heic0209a.jpg,nebulae
aug-opo9825a.jpg,nebulae
aug-opo0028a.jpg,nebulae
aug-opo1007b.jpg,solarsystem
aug-opo0115f.jpg,solarsystem
potw1941a.jpg,galaxies
aug-heic1907a.jpg,nebulae
aug-opo9544b.jpg,nebulae
potw1606a.jpg,nebulae
aug-potw2035a.jpg,galaxies
potw2204a.jpg,galaxies
aug-heic1518a.jpg,nebulae
opo9539c.jpg,solarsystem
aug-potw2005a.jpg,galaxies
aug-potw1946a.jpg,galaxies
potw1020a.jpg,nebulae
aug-potw2051a.jpg,galaxies
opo9536a.jpg,solarsystem
aug-potw2104a.jpg,nebulae
potw2005a.jpg,galaxies
heic2013a.jpg,solarsystem
heic1504d.jpg,solarsystem
aug-potw1151a.jpg,galaxies
opo9516g.jpg,solarsystem
heic1709a.jpg,galaxies
aug-opo9518b.jpg,solarsystem
potw1222a.jpg,nebulae
aug-potw2208a.jpg,galaxies
aug-heic1819b.jpg,nebulae
heic0715a.jpg,nebulae
potw2121a.jpg,galaxies
aug-potw1348a.jpg,galaxies
opo0745a.jpg,solarsystem
aug-potw1425a.jpg,galaxies
aug-heic1814d.jpg,solarsystem
potw1106a.jpg,nebulae
heic1412a.jpg,galaxies
aug-opo0619b.jpg,solarsystem
aug-opo0417b.jpg,nebulae
aug-opo9925a.jpg,galaxies
aug-heic1716a.jpg,galaxies
potw1726a.jpg,galaxies
opo1733a.jpg,galaxies
heic0905a.jpg,galaxies
aug-potw1945a.jpg,galaxies
heic0910e.jpg,nebulae
aug-potw1136a.jpg,nebulae
heic0910i.jpg,galaxies
aug-potw1232a.jpg,nebulae
aug-heic1917a.jpg,solarsystem
aug-opo0432d.jpg,nebulae
aug-potw1035a.jpg,galaxies
potw1604a.jpg,galaxies
aug-heic0904f.jpg,solarsystem
heic0508a.jpg,solarsystem
opo0323c.jpg,solarsystem
aug-heic0506b.jpg,nebulae
opo9417a.jpg,solarsystem
aug-heic2018b.jpg,galaxies
opo0619b.jpg,solarsystem
aug-opo9913c.jpg,solarsystem
heic1206a.jpg,nebulae
potw2031a.jpg,galaxies
opo0010a.jpg,nebulae
aug-heic2008c.jpg,solarsystem
aug-heic1914a.jpg,solarsystem
aug-heic0605e.jpg,solarsystem
opo9634i.jpg,solarsystem
aug-potw2131a.jpg,galaxies
aug-heic1301a.jpg,nebulae
aug-opo0624a.jpg,galaxies
aug-opo9935d.jpg,nebulae
aug-opo0322i.jpg,solarsystem
aug-heic0601d.jpg,nebulae
potw2040a.jpg,galaxies
heic1007f.jpg,nebulae
aug-potw1347a.jpg,galaxies
opo0417i.jpg,nebulae
heic0915a.jpg,nebulae
opo1622c.jpg,solarsystem
aug-potw2026a.jpg,galaxies
aug-potw1201a.jpg,galaxies
potw2111a.jpg,nebulae
aug-opo1419c.jpg,solarsystem
aug-heic1015a.jpg,nebulae
aug-heic1820b.jpg,galaxies
heic1920a.jpg,galaxies
heic0702a.jpg,nebulae
aug-potw1952a.jpg,galaxies
aug-potw2034a.jpg,nebulae
potw2219a.jpg,nebulae
heic1507h.jpg,nebulae
potw2222a.jpg,galaxies
aug-potw2027a.jpg,galaxies
aug-opo9516c.jpg,solarsystem
heic1310a.jpg,nebulae
opo9607a.jpg,nebulae
aug-opo0732c.jpg,solarsystem
aug-opo9804c.jpg,solarsystem
aug-potw2111a.jpg,nebulae
opo1633d.jpg,solarsystem
heic1305a.jpg,galaxies
potw1133a.jpg,nebulae
opo9904a.jpg,nebulae
opo9810e.jpg,solarsystem
aug-heic0703a.jpg,nebulae
aug-opo9715c3.jpg,solarsystem
aug-potw2205a.jpg,galaxies
heic0904g.jpg,solarsystem
aug-potw1607a.jpg,nebulae
heic0719a.jpg,galaxies
potw1549a.jpg,galaxies
opo0331a.jpg,nebulae
aug-opo0822a.jpg,nebulae
opo9927b.jpg,solarsystem
aug-heic1424a.jpg,nebulae
potw1308a.jpg,nebulae
opo9633c.jpg,solarsystem
aug-heic1520b.jpg,nebulae
heic1104a.jpg,galaxies
heic1514a.jpg,galaxies
aug-heic0706a.jpg,galaxies
opo0418a.jpg,solarsystem
aug-opo0714a.jpg,solarsystem
potw1822a.jpg,galaxies
heic1517b.jpg,nebulae
aug-potw1219a.jpg,solarsystem
aug-opo9709a.jpg,solarsystem
potw2334a.jpg,galaxies
potw1123a.jpg,nebulae
aug-heic1903a.jpg,galaxies
aug-heic1712a.jpg,galaxies
aug-heic2013a.jpg,solarsystem
aug-potw1934a.jpg,nebulae
heic2307a.jpg,solarsystem
aug-heic1410b.jpg,solarsystem
potw1443a.jpg,galaxies
potw1802a.jpg,galaxies
aug-opo0323c.jpg,solarsystem
aug-heic2201a.jpg,galaxies
potw1434a.jpg,nebulae
heic1302a.jpg,galaxies
aug-heic2002a.jpg,galaxies
aug-opo0430a.jpg,solarsystem
aug-potw2031a.jpg,galaxies
aug-potw1440a.jpg,galaxies
potw1424a.jpg,galaxies
potw2250a.jpg,nebulae
heic0508e.jpg,solarsystem
aug-potw1441a.jpg,galaxies
heic1421a.jpg,galaxies
opo9804c.jpg,solarsystem
opo9437a.jpg,solarsystem
aug-heic1914b.jpg,solarsystem
aug-potw1010a.jpg,nebulae
aug-potw1922a.jpg,galaxies
heic1814c.jpg,solarsystem
opo1509a.jpg,solarsystem
potw1720e.jpg,nebulae
opo1445a.jpg,solarsystem
aug-heic0106b.jpg,galaxies
aug-potw1345a.jpg,galaxies
aug-potw2302a.jpg,galaxies
aug-heic0007b.jpg,galaxies
heic0206d.jpg,nebulae
aug-heic1517a.jpg,nebulae
aug-heic0508h.jpg,solarsystem
heic0707a.jpg,nebulae
aug-opo9935e.jpg,nebulae
opo9736e.jpg,solarsystem
potw2113a.jpg,nebulae
aug-opo0322d.jpg,solarsystem
heic0904d.jpg,solarsystem
aug-heic2011c.jpg,nebulae
aug-potw1542a.jpg,galaxies
aug-opo9709b2.jpg,solarsystem
aug-potw2125a.jpg,galaxies
heic0414a.jpg,nebulae
aug-heic1820a.jpg,galaxies
aug-potw1339a.jpg,nebulae
potw1836a.jpg,galaxies
aug-potw1430a.jpg,galaxies
aug-heic1504d.jpg,solarsystem
opo0306a.jpg,nebulae
opo0328a.jpg,galaxies
aug-opo2305a.jpg,solarsystem
opo9834d.jpg,solarsystem
heic1602b.jpg,galaxies
heic1920c.jpg,galaxies
potw1329a.jpg,galaxies
heic0601g.jpg,nebulae
opo9616c.jpg,solarsystem
potw1008a.jpg,nebulae
aug-opo9433b.jpg,solarsystem
heic0101a.jpg,nebulae
aug-heic2015a.jpg,solarsystem
heic0910f.jpg,nebulae
potw1030a.jpg,nebulae
aug-heic1507g.jpg,nebulae
aug-opo0806d.jpg,solarsystem
opo9630a.jpg,solarsystem
aug-potw2243a.jpg,nebulae
heic1609b.jpg,solarsystem
heic1504e.jpg,solarsystem
aug-heic2007a.jpg,nebulae
aug-potw2116a.jpg,galaxies
opo9835a.jpg,solarsystem
heic1401a.jpg,galaxies
aug-potw1427a.jpg,galaxies
potw1238a.jpg,galaxies
aug-potw2319a.jpg,galaxies
potw2243a.jpg,nebulae
potw1950a.jpg,galaxies
aug-potw1520a.jpg,galaxies
potw1010a.jpg,nebulae
potw1906a.jpg,solarsystem
aug-opo9546b.jpg,solarsystem
heic1509d.jpg,nebulae
opo9627c.jpg,nebulae
aug-opo9828a.jpg,galaxies
opo1733b.jpg,galaxies
aug-potw2115a.jpg,galaxies
aug-opo0823c.jpg,solarsystem
potw2115a.jpg,galaxies
aug-potw2130a.jpg,galaxies
potw1805a.jpg,galaxies
heic2008c.jpg,solarsystem
aug-heic1108a.jpg,galaxies
aug-potw1332a.jpg,galaxies
heic2015a.jpg,solarsystem
aug-opo9630a.jpg,solarsystem
aug-opo9811h.jpg,nebulae
opo9709b1.jpg,solarsystem
aug-heic0619a.jpg,nebulae
aug-heic1410e.jpg,solarsystem
aug-potw1549a.jpg,galaxies
aug-heic0312a.jpg,nebulae
heic0604d.jpg,galaxies
opo9535b.jpg,solarsystem
aug-opo0115d.jpg,solarsystem
heic0914a.jpg,galaxies
potw1946a.jpg,galaxies
potw1402a.jpg,galaxies
potw2114a.jpg,galaxies
aug-potw1935a.jpg,galaxies
potw1502a.jpg,galaxies
aug-heic0707a.jpg,nebulae
opo0732f.jpg,solarsystem
aug-heic1018b.jpg,nebulae
aug-heic1808b.jpg,nebulae
aug-heic1509e.jpg,nebulae
heic0901a.jpg,galaxies
heic0910q.jpg,solarsystem
aug-potw2006a.jpg,galaxies
aug-potw2129a.jpg,galaxies
aug-potw1008a.jpg,nebulae
opo9715c2.jpg,solarsystem
opo9545a.jpg,nebulae
heic1410c.jpg,solarsystem
aug-heic1322a.jpg,solarsystem
heic0817a.jpg,galaxies
potw1942a.jpg,galaxies
aug-potw2044a.jpg,galaxies
aug-potw1538a.jpg,galaxies
aug-opo0745f.jpg,solarsystem
opo0115d.jpg,solarsystem
potw1720b.jpg,nebulae
opo9634g.jpg,solarsystem
aug-heic1818a.jpg,nebulae
potw2116a.jpg,galaxies
heic2017a.jpg,solarsystem
aug-potw1540a.jpg,nebulae
heic1414a.jpg,galaxies
aug-potw1928a.jpg,galaxies
heic0706a.jpg,galaxies
potw2119a.jpg,nebulae
aug-potw1333a.jpg,galaxies
potw1312a.jpg,nebulae
opo9805a.jpg,solarsystem
aug-heic0506a.jpg,galaxies
aug-opo9634c.jpg,solarsystem
aug-potw2020a.jpg,galaxies
aug-potw1818a.jpg,galaxies
potw1332a.jpg,galaxies
aug-heic0209a.jpg,nebulae
opo1330c.jpg,solarsystem
aug-heic1705a.jpg,nebulae
aug-heic0915a.jpg,nebulae
heic1608a.jpg,nebulae
potw2009a.jpg,galaxies
aug-potw1602a.jpg,galaxies
heic1504g.jpg,solarsystem
aug-opo9634g.jpg,solarsystem
aug-potw2133a.jpg,galaxies
opo2043a.jpg,solarsystem
potw1339a.jpg,nebulae
aug-potw2043a.jpg,galaxies
heic1808e.jpg,nebulae
opo9811h.jpg,nebulae
aug-heic0609a.jpg,nebulae
aug-potw2152a.jpg,galaxies
aug-opo0036a.jpg,nebulae
aug-heic1416a.jpg,galaxies
opo9834e.jpg,solarsystem
aug-potw1342a.jpg,solarsystem
aug-heic0914a.jpg,galaxies
aug-potw1853a.jpg,nebulae
aug-heic1410d.jpg,solarsystem
aug-heic0905a.jpg,galaxies
aug-heic0206b.jpg,galaxies
aug-heic0105a.jpg,nebulae
heic0909a.jpg,solarsystem
potw2131a.jpg,galaxies
aug-heic1206a.jpg,nebulae
opo9516b.jpg,solarsystem
aug-potw1435a.jpg,galaxies
aug-heic0712c.jpg,nebulae
opo1113a.jpg,solarsystem
aug-potw2048a.jpg,galaxies
aug-potw2244a.jpg,galaxies
aug-heic2113d.jpg,solarsystem
aug-opo1419b.jpg,solarsystem
aug-potw1752b.jpg,galaxies
heic1801a.jpg,galaxies
aug-opo9535b.jpg,solarsystem
opo0115e.jpg,solarsystem
aug-potw1720c.jpg,nebulae
aug-potw1606a.jpg,nebulae
potw1731a.jpg,galaxies
potw1112a.jpg,galaxies
aug-opo0123a.jpg,galaxies
opo0624a.jpg,galaxies
aug-heic1808a.jpg,nebulae
heic0509h.jpg,solarsystem
aug-potw1036a.jpg,galaxies
aug-heic2008b.jpg,solarsystem
aug-potw2007a.jpg,galaxies
potw1938a.jpg,galaxies
aug-opo0415a.jpg,galaxies
aug-opo9516b.jpg,solarsystem
heic1322d.jpg,solarsystem
aug-potw1246a.jpg,galaxies
potw1109a.jpg,nebulae
opo0019c.jpg,nebulae
aug-heic0009a.jpg,solarsystem
potw1317a.jpg,nebulae
aug-heic2113c.jpg,solarsystem
potw1033a.jpg,nebulae
aug-potw1819a.jpg,galaxies
aug-potw1442a.jpg,galaxies
aug-opo9634i.jpg,solarsystem
aug-opo9737b.jpg,solarsystem
heic1819a.jpg,nebulae
opo9455a.jpg,solarsystem
potw2008a.jpg,galaxies
aug-opo9536a.jpg,solarsystem
aug-opo9516g.jpg,solarsystem
potw2244a.jpg,galaxies
heic2008b.jpg,solarsystem
aug-potw2049a.jpg,galaxies
aug-potw2052a.jpg,galaxies
potw2052a.jpg,galaxies
heic0912a.jpg,galaxies
aug-heic1814g.jpg,solarsystem
aug-opo0429l.jpg,nebulae
aug-potw1106a.jpg,nebulae
aug-potw2025a.jpg,galaxies
heic1220a.jpg,nebulae
potw1026a.jpg,nebulae
aug-potw1907a.jpg,solarsystem
potw1338a.jpg,galaxies
aug-heic0909b.jpg,solarsystem
opo0415a.jpg,galaxies
heic1402b.jpg,nebulae
aug-potw1802a.jpg,galaxies
opo9105a.jpg,solarsystem
aug-opo1622b.jpg,solarsystem
aug-potw2113a.jpg,nebulae
aug-opo9634e.jpg,solarsystem
aug-opo9535c.jpg,solarsystem
heic0910s.jpg,galaxies
aug-opo0322a.jpg,solarsystem
potw1605a.jpg,galaxies
potw1440a.jpg,galaxies
aug-heic1302a.jpg,galaxies
potw2033a.jpg,nebulae
aug-heic1403a.jpg,galaxies
aug-potw2009a.jpg,galaxies
aug-heic1602b.jpg,galaxies
opo0309a.jpg,nebulae
heic0514a.jpg,nebulae
potw2104a.jpg,nebulae
aug-heic1406a.jpg,nebulae
heic2011c.jpg,nebulae
potw1144a.jpg,nebulae
heic1410a.jpg,solarsystem
aug-potw1836a.jpg,galaxies
potw1918a.jpg,galaxies
aug-opo22051a.jpg,galaxies
aug-opo0331a.jpg,nebulae
potw2125a.jpg,galaxies
heic0308a.jpg,nebulae
heic1504f.jpg,solarsystem
opo0115c.jpg,solarsystem
aug-potw1424a.jpg,galaxies
opo0124a.jpg,solarsystem
aug-potw1410a.jpg,nebulae
potw1540a.jpg,nebulae
aug-potw1805a.jpg,galaxies
potw1752b.jpg,galaxies
aug-opo9516i.jpg,solarsystem
aug-heic1814c.jpg,solarsystem
heic1705a.jpg,nebulae
aug-opo0405d.jpg,solarsystem
heic0406a.jpg,galaxies
heic1922b.jpg,solarsystem
aug-opo1633a.jpg,solarsystem
aug-opo1445a.jpg,solarsystem
aug-heic1402b.jpg,nebulae
aug-heic1507i.jpg,nebulae
aug-opo0405a.jpg,solarsystem
aug-heic0508e.jpg,solarsystem
aug-opo9603a.jpg,nebulae
heic1202a.jpg,galaxies
heic0609a.jpg,nebulae
aug-potw1238a.jpg,galaxies
aug-heic1410a.jpg,solarsystem
aug-opo1436a.jpg,solarsystem
aug-potw1947a.jpg,galaxies
aug-heic1612a.jpg,galaxies
aug-opo0115c.jpg,solarsystem
heic1118a.jpg,nebulae
aug-opo0932a.jpg,nebulae
opo0827b.jpg,solarsystem
potw2205a.jpg,galaxies
aug-potw1026a.jpg,nebulae
heic0904e.jpg,solarsystem
aug-heic2307a.jpg,solarsystem
potw2302a.jpg,galaxies
aug-heic1517b.jpg,nebulae
heic0508d.jpg,solarsystem
opo9433b.jpg,solarsystem
opo1016b.jpg,solarsystem
heic1322b.jpg,solarsystem
aug-heic0508d.jpg,solarsystem
potw1246a.jpg,galaxies
potw1435a.jpg,galaxies
aug-potw1810a.jpg,galaxies
aug-opo0115e.jpg,solarsystem
heic0506a.jpg,galaxies
aug-opo0328a.jpg,galaxies
potw2051a.jpg,galaxies
heic1612a.jpg,galaxies
potw1922a.jpg,galaxies
aug-potw1731a.jpg,galaxies
heic1007a.jpg,nebulae
aug-heic1609b.jpg,solarsystem
aug-opo9627c.jpg,nebulae
aug-heic1010c.jpg,solarsystem
aug-potw1638a.jpg,solarsystem
heic1815b.jpg,solarsystem
opo0827d.jpg,solarsystem
aug-heic2303a.jpg,solarsystem
aug-opo9632c.jpg,solarsystem
potw1348a.jpg,galaxies
aug-heic0308a.jpg,nebulae
aug-opo0306a.jpg,nebulae
potw1928a.jpg,galaxies
aug-heic1816a.jpg,galaxies
aug-opo0418a.jpg,solarsystem
heic0902a.jpg,galaxies
heic1006a.jpg,galaxies
aug-heic0904c.jpg,solarsystem
heic1708a.jpg,solarsystem
heic0904c.jpg,solarsystem
potw1926a.jpg,galaxies
aug-opo0827b.jpg,solarsystem
opo1436a.jpg,solarsystem
aug-potw1338a.jpg,galaxies
aug-potw1931a.jpg,galaxies
heic1613a.jpg,solarsystem
heic1102a.jpg,nebulae
heic2017b.jpg,solarsystem
aug-heic1520a.jpg,nebulae
heic1901a.jpg,galaxies
opo0932d.jpg,nebulae
heic1406a.jpg,nebulae
opo9634c.jpg,solarsystem
aug-opo1331a.jpg,solarsystem
aug-opo0323b.jpg,solarsystem
potw2129a.jpg,galaxies
potw1940a.jpg,galaxies
heic1816a.jpg,galaxies
aug-potw1443a.jpg,galaxies
heic1402a.jpg,nebulae
aug-opo9437a.jpg,solarsystem
heic0515a.jpg,nebulae
aug-heic1814b.jpg,solarsystem
aug-heic1118a.jpg,nebulae
aug-heic0509h.jpg,solarsystem
opo0214a.jpg,nebulae
potw1417a.jpg,galaxies
opo1622e.jpg,solarsystem
opo9634b.jpg,solarsystem
opo9715c4.jpg,solarsystem
potw2002a.jpg,galaxies
aug-heic1007a.jpg,nebulae
opo9634e.jpg,solarsystem
heic1820a.jpg,galaxies
opo0842c.jpg,solarsystem
aug-potw1801a.jpg,galaxies
aug-potw2001a.jpg,galaxies
aug-potw1112a.jpg,galaxies
opo9935e.jpg,nebulae
opo0405b.jpg,solarsystem
aug-potw1848a.jpg,nebulae
aug-heic0507a.jpg,nebulae
opo1431a.jpg,solarsystem
potw1716a.jpg,nebulae
potw1211a.jpg,nebulae
heic9910a.jpg,nebulae
heic1509f.jpg,nebulae
heic0615a.jpg,galaxies
heic0503a.jpg,nebulae
heic1602a.jpg,galaxies
aug-opo0030a.jpg,nebulae
opo9615a.jpg,solarsystem
opo1633c.jpg,solarsystem
aug-potw1926a.jpg,galaxies
aug-opo9715c2.jpg,solarsystem
opo9501c.jpg,nebulae
heic1917a.jpg,solarsystem
opo9632c.jpg,solarsystem
aug-heic1514a.jpg,galaxies
aug-potw1130a.jpg,nebulae
potw1345a.jpg,galaxies
aug-heic1421a.jpg,galaxies
aug-heic0305a.jpg,nebulae
aug-opo1633d.jpg,solarsystem
aug-heic1623a.jpg,nebulae
potw1441a.jpg,galaxies
aug-heic0814a.jpg,galaxies
opo9737b.jpg,solarsystem
aug-potw1451a.jpg,galaxies
aug-opo9426a.jpg,solarsystem
potw1034a.jpg,nebulae
aug-heic1322b.jpg,solarsystem
aug-opo9509a.jpg,solarsystem
heic1516a.jpg,galaxies
opo9436a.jpg,solarsystem
aug-opo0525a.jpg,nebulae
heic0104a.jpg,nebulae
aug-heic0206a.jpg,galaxies
potw2035a.jpg,galaxies
opo9804d.jpg,solarsystem
aug-heic1520c.jpg,nebulae
heic1601b.jpg,nebulae
aug-potw2213a.jpg,galaxies
opo1618d.jpg,solarsystem
aug-potw1811a.jpg,galaxies
heic0506b.jpg,nebulae
aug-opo9011b.jpg,solarsystem
heic1218a.jpg,galaxies
aug-heic1601b.jpg,nebulae
aug-opo9607a.jpg,nebulae
aug-heic1220a.jpg,nebulae
potw2120a.jpg,galaxies
aug-opo0131b.jpg,solarsystem
aug-heic0904a.jpg,solarsystem
aug-potw1502a.jpg,galaxies
opo9501a.jpg,nebulae
heic1509c.jpg,nebulae
aug-potw1250a.jpg,nebulae
potw1602a.jpg,galaxies
aug-heic1522a.jpg,solarsystem
aug-heic0206d.jpg,nebulae
aug-potw2002a.jpg,galaxies
opo9839a.jpg,nebulae
aug-heic0411a.jpg,nebulae
aug-opo9805a.jpg,solarsystem
potw1921a.jpg,galaxies
aug-opo0417j.jpg,nebulae
opo0107a.jpg,galaxies
potw2201a.jpg,galaxies
opo1006c.jpg,solarsystem
aug-potw1849a.jpg,galaxies
opo0115f.jpg,solarsystem
opo9633b.jpg,solarsystem
aug-opo9634h.jpg,solarsystem
aug-potw1921a.jpg,galaxies
aug-potw1217a.jpg,nebulae
opo1007b.jpg,solarsystem
aug-potw1938a.jpg,galaxies
heic1507g.jpg,nebulae
aug-opo9501c.jpg,nebulae
aug-opo9935c.jpg,nebulae
opo0732c.jpg,solarsystem
aug-potw1629a.jpg,galaxies
potw2329a.jpg,galaxies
opo9011b.jpg,solarsystem
potw1933a.jpg,nebulae
heic1806a.jpg,galaxies
potw1207a.jpg,nebulae
opo0323b.jpg,solarsystem
aug-opo1006c.jpg,solarsystem
heic0009a.jpg,solarsystem
opo9709a.jpg,solarsystem
aug-potw1419a.jpg,galaxies
aug-opo9835a.jpg,solarsystem
opo0501a.jpg,galaxies
heic1501a.jpg,nebulae
potw1451a.jpg,galaxies
aug-opo9818a.jpg,solarsystem
aug-heic2102a.jpg,nebulae
aug-opo0932d.jpg,nebulae
aug-potw1716a.jpg,nebulae
potw1427a.jpg,galaxies
potw1943a.jpg,galaxies
aug-heic1011a.jpg,nebulae
heic2201a.jpg,galaxies
opo0430a.jpg,solarsystem
aug-potw2108a.jpg,galaxies
aug-heic2020c.jpg,nebulae
potw1607a.jpg,nebulae
opo0806c.jpg,solarsystem
aug-opo9736e.jpg,solarsystem
heic1814a.jpg,solarsystem
aug-heic1808e.jpg,nebulae
heic0814b.jpg,galaxies
potw1232a.jpg,nebulae
aug-opo9941a.jpg,galaxies
opo9935c.jpg,nebulae
aug-heic0910q.jpg,solarsystem
aug-opo0124a.jpg,solarsystem
potw2117a.jpg,nebulae
aug-heic1218a.jpg,galaxies
aug-potw1331a.jpg,nebulae
opo0225a.jpg,nebulae
potw2026a.jpg,galaxies
aug-potw1408a.jpg,galaxies
opo9634a3.jpg,solarsystem
potw1720c.jpg,nebulae
aug-heic1523a.jpg,galaxies
aug-opo9828c.jpg,solarsystem
aug-opo9927b.jpg,solarsystem
opo9738f.jpg,nebulae
heic1007c.jpg,nebulae
aug-opo1618d.jpg,solarsystem
potw1644a.jpg,nebulae
aug-opo1330c.jpg,solarsystem
heic1819d.jpg,nebulae
aug-heic0413a.jpg,nebulae
potw1837a.jpg,galaxies
aug-potw1446a.jpg,galaxies
aug-potw2334a.jpg,galaxies
aug-opo0012a.jpg,nebulae
heic0206a.jpg,galaxies
heic0712a.jpg,nebulae
opo0511a.jpg,galaxies
aug-opo9810b.jpg,solarsystem
heic2010a.jpg,galaxies
heic1520b.jpg,nebulae
aug-heic0910e.jpg,nebulae
potw2048a.jpg,galaxies
potw1450a.jpg,galaxies
opo1006b.jpg,solarsystem
heic1424a.jpg,nebulae
potw1241a.jpg,nebulae
heic1805a.jpg,galaxies
potw2133a.jpg,galaxies
aug-potw2216a.jpg,galaxies
aug-heic1507e.jpg,nebulae
opo0823a.jpg,solarsystem
aug-potw2303a.jpg,solarsystem
aug-heic1501b.jpg,nebulae
aug-potw1714a.jpg,solarsystem
potw2024a.jpg,galaxies
opo1006d.jpg,solarsystem
aug-heic1114a.jpg,galaxies
heic1018a.jpg,nebulae
aug-potw1123a.jpg,nebulae
aug-potw1932a.jpg,nebulae
opo0429l.jpg,nebulae
aug-potw1144a.jpg,nebulae
aug-heic1322d.jpg,solarsystem
heic1507e.jpg,nebulae
opo0827c.jpg,solarsystem
aug-potw1918a.jpg,galaxies
aug-opo9828e.jpg,nebulae
potw2126a.jpg,galaxies
aug-heic0602a.jpg,galaxies
opo0525a.jpg,nebulae
aug-heic1104a.jpg,galaxies
aug-heic1401a.jpg,galaxies
opo1419c.jpg,solarsystem
potw1520a.jpg,galaxies
aug-opo1431b.jpg,solarsystem
aug-opo1733b.jpg,galaxies
aug-heic1501a.jpg,nebulae
potw1119a.jpg,galaxies
aug-heic1323a.jpg,nebulae
aug-heic0508a.jpg,solarsystem
aug-heic2010a.jpg,galaxies
aug-opo2043a.jpg,solarsystem
aug-opo9904a.jpg,nebulae
aug-potw2032a.jpg,galaxies
potw2333a.jpg,galaxies
aug-heic1509d.jpg,nebulae
aug-heic2304a.jpg,nebulae
heic1208a.jpg,galaxies
opo9433a.jpg,solarsystem
potw2043a.jpg,galaxies
aug-heic1118b.jpg,nebulae
aug-opo0107a.jpg,galaxies
potw1901a.jpg,galaxies
potw1932a.jpg,nebulae
aug-potw1149a.jpg,nebulae
aug-opo0732b.jpg,solarsystem
aug-heic1215b.jpg,galaxies
heic1509e.jpg,nebulae
heic1410b.jpg,solarsystem
heic2304a.jpg,nebulae
potw2130a.jpg,galaxies
heic1018b.jpg,nebulae
aug-potw2332a.jpg,galaxies
opo9546b.jpg,solarsystem
aug-heic2113a.jpg,solarsystem
opo9516c.jpg,solarsystem
aug-potw1850a.jpg,galaxies
aug-heic0503a.jpg,nebulae
aug-heic1507d.jpg,nebulae
opo0432d.jpg,nebulae
opo9721a.jpg,solarsystem
potw1849a.jpg,galaxies
aug-potw1124a.jpg,nebulae
aug-opo0511a.jpg,galaxies
heic1716a.jpg,galaxies
aug-potw1720a.jpg,nebulae
opo9426b.jpg,solarsystem
heic2113d.jpg,solarsystem
aug-potw1450a.jpg,galaxies
aug-potw1110a.jpg,nebulae
potw2039a.jpg,galaxies
aug-heic0416a.jpg,nebulae
aug-potw2251a.jpg,nebulae
potw1720d.jpg,nebulae
potw1347a.jpg,galaxies
potw1333a.jpg,galaxies
aug-heic1608a.jpg,nebulae
aug-potw2120a.jpg,galaxies
aug-potw1133a.jpg,nebulae
potw1430a.jpg,galaxies
heic1507b.jpg,nebulae
opo0714a.jpg,solarsystem
aug-potw2305a.jpg,nebulae
aug-potw2028a.jpg,nebulae
heic1914b.jpg,solarsystem
aug-potw2126a.jpg,galaxies
potw1446a.jpg,galaxies
opo9825a.jpg,nebulae
opo9828e.jpg,nebulae
aug-opo0207a.jpg,galaxies
aug-heic1815a.jpg,solarsystem
opo1622b.jpg,solarsystem
opo9537b.jpg,solarsystem
potw2032a.jpg,galaxies
heic1105a.jpg,nebulae
aug-potw1833a.jpg,galaxies
aug-heic1613a.jpg,solarsystem
potw1705a.jpg,nebulae
potw2046a.jpg,galaxies
aug-potw1644a.jpg,nebulae
heic1509a.jpg,nebulae
opo9913d.jpg,solarsystem
aug-heic0911c.jpg,galaxies
aug-heic0904g.jpg,solarsystem
heic0617b.jpg,nebulae
aug-potw2014a.jpg,galaxies
potw1929a.jpg,galaxies
aug-opo9632b.jpg,solarsystem
aug-heic0101a.jpg,nebulae
potw1947a.jpg,galaxies
heic1118b.jpg,nebulae
aug2-opo0417b.jpg,nebulae
aug2-opo9738d.jpg,nebulae
aug2-heic0101a.jpg,nebulae
aug2-potw2106a.jpg,nebulae
aug2-potw1802a.jpg,galaxies
aug2-heic1504d.jpg,solarsystem
aug2-heic1517b.jpg,nebulae
aug2-heic1623a.jpg,nebulae
aug2-heic1520a.jpg,nebulae
aug2-heic0206a.jpg,galaxies
aug2-heic0007b.jpg,galaxies
aug2-potw1219a.jpg,solarsystem
aug2-heic1018b.jpg,nebulae
aug2-opo9535c.jpg,solarsystem
aug2-potw1922a.jpg,galaxies
aug2-heic1820a.jpg,galaxies
aug2-potw1801a.jpg,galaxies
aug2-potw1339a.jpg,nebulae
aug2-heic1709a.jpg,galaxies
aug2-opo0405b.jpg,solarsystem
aug2-heic1302a.jpg,galaxies
aug2-heic0909a.jpg,solarsystem
aug2-opo9634e.jpg,solarsystem
aug2-potw1812a.jpg,galaxies
aug2-heic0910h.jpg,nebulae
aug2-potw2051a.jpg,galaxies
aug2-potw2120a.jpg,galaxies
aug2-potw1849a.jpg,galaxies
aug2-heic1310a.jpg,nebulae
aug2-heic1819a.jpg,nebulae
aug2-heic1509f.jpg,nebulae
aug2-heic0712a.jpg,nebulae
aug2-potw1932a.jpg,nebulae
aug2-heic0910f.jpg,nebulae
aug2-potw1606a.jpg,nebulae
aug2-potw1217a.jpg,nebulae
aug2-opo9715c2.jpg,solarsystem
aug2-potw1232a.jpg,nebulae
aug2-opo0214a.jpg,nebulae
aug2-potw1822a.jpg,galaxies
aug2-opo9811h.jpg,nebulae
aug2-heic1904a.jpg,solarsystem
aug2-heic1424a.jpg,nebulae
aug2-opo9810e.jpg,solarsystem
aug2-opo0207a.jpg,galaxies
aug2-potw1805a.jpg,galaxies
aug2-heic0515a.jpg,nebulae
aug2-potw2329a.jpg,galaxies
aug2-heic1507d.jpg,nebulae
aug2-opo0115e.jpg,solarsystem
aug2-opo0405d.jpg,solarsystem
aug2-heic2201a.jpg,galaxies
aug2-potw2125a.jpg,galaxies
aug2-heic2008c.jpg,solarsystem
aug2-potw1348a.jpg,galaxies
aug2-heic0114a.jpg,nebulae
aug2-potw1440a.jpg,galaxies
aug2-heic0817a.jpg,galaxies
aug2-potw1833a.jpg,galaxies
aug2-opo9536a.jpg,solarsystem
aug2-opo9105a.jpg,solarsystem
aug2-potw1443a.jpg,galaxies
aug2-opo0932d.jpg,nebulae
aug2-heic1613a.jpg,solarsystem
aug2-potw1819a.jpg,galaxies
aug2-heic0507a.jpg,nebulae
aug2-potw1408a.jpg,galaxies
aug2-potw1434a.jpg,nebulae
aug2-opo9632c.jpg,solarsystem
aug2-heic1421a.jpg,galaxies
aug2-heic0308a.jpg,nebulae
aug2-heic1922a.jpg,solarsystem
aug2-heic1509c.jpg,nebulae
aug2-heic0901a.jpg,galaxies
aug2-potw1942a.jpg,galaxies
aug2-heic1917a.jpg,solarsystem
aug2-potw2024a.jpg,galaxies
aug2-potw1921a.jpg,galaxies
aug2-potw2119a.jpg,nebulae
aug2-potw2014a.jpg,galaxies
aug2-heic0911b.jpg,galaxies
aug2-potw1720a.jpg,nebulae
aug2-potw1720d.jpg,nebulae
aug2-heic1815a.jpg,solarsystem
aug2-heic0104a.jpg,nebulae
aug2-potw1419a.jpg,galaxies
aug2-potw1943a.jpg,galaxies
aug2-opo9615a.jpg,solarsystem
aug2-heic1007f.jpg,nebulae
aug2-potw1147a.jpg,nebulae
aug2-opo9453a.jpg,solarsystem
aug2-potw1133a.jpg,nebulae
aug2-potw1331a.jpg,nebulae
aug2-potw2132a.jpg,galaxies
aug2-opo9627c.jpg,nebulae
aug2-potw2108a.jpg,galaxies
aug2-heic0508d.jpg,solarsystem
aug2-heic1507i.jpg,nebulae
aug2-potw2039a.jpg,galaxies
aug2-heic0904g.jpg,solarsystem
aug2-opo0006a.jpg,nebulae
aug2-opo0827b.jpg,solarsystem
aug2-opo0418a.jpg,solarsystem
aug2-potw2205a.jpg,galaxies
aug2-potw1644a.jpg,nebulae
aug2-opo0306a.jpg,nebulae
aug2-heic0905a.jpg,galaxies
aug2-heic1301a.jpg,nebulae
aug2-heic0910e.jpg,nebulae
aug2-heic1612a.jpg,galaxies
aug2-opo0822a.jpg,nebulae
aug2-potw2243a.jpg,nebulae
aug2-potw2034a.jpg,nebulae
aug2-opo9011b.jpg,solarsystem
aug2-opo9545a.jpg,nebulae
aug2-opo1733b.jpg,galaxies
aug2-heic1810a.jpg,galaxies
aug2-opo9546b.jpg,solarsystem
aug2-heic0910s.jpg,galaxies
aug2-heic2015a.jpg,solarsystem
aug2-opo9509a.jpg,solarsystem
aug2-potw1853a.jpg,nebulae
aug2-heic0904f.jpg,solarsystem
aug2-heic0604d.jpg,galaxies
aug2-opo0827c.jpg,solarsystem
aug2-opo9828c.jpg,solarsystem
aug2-potw1446a.jpg,galaxies
aug2-opo9607a.jpg,nebulae
aug2-opo1509a.jpg,solarsystem
aug2-potw1333a.jpg,galaxies
aug2-heic2013a.jpg,solarsystem
aug2-opo9436a.jpg,solarsystem
aug2-opo0323b.jpg,solarsystem
aug2-opo1618d.jpg,solarsystem
aug2-potw1222a.jpg,nebulae
aug2-potw1332a.jpg,galaxies
aug2-heic0915a.jpg,nebulae
aug2-potw1938a.jpg,galaxies
aug2-potw1119a.jpg,galaxies
aug2-heic2304a.jpg,nebulae
aug2-potw1549a.jpg,galaxies
aug2-opo9501c.jpg,nebulae
aug2-heic0619a.jpg,nebulae
aug2-potw2305a.jpg,nebulae
aug2-opo1622e.jpg,solarsystem
aug2-heic0910i.jpg,galaxies
aug2-potw1423a.jpg,galaxies
aug2-opo9709a.jpg,solarsystem
aug2-potw2251a.jpg,nebulae
aug2-heic2102a.jpg,nebulae
aug2-heic1110a.jpg,galaxies
aug2-heic1322b.jpg,solarsystem
aug2-potw1424a.jpg,galaxies
aug2-heic0909b.jpg,solarsystem
aug2-potw1020a.jpg,nebulae
aug2-opo2059a.jpg,solarsystem
aug2-potw2207a.jpg,galaxies
aug2-heic1007a.jpg,nebulae
aug2-opo0635a.jpg,nebulae
aug2-heic1507g.jpg,nebulae
aug2-potw2130a.jpg,galaxies
aug2-opo9634c.jpg,solarsystem
aug2-potw2002a.jpg,galaxies
aug2-opo9633b.jpg,solarsystem
aug2-opo0745a.jpg,solarsystem
aug2-opo9537c.jpg,solarsystem
aug2-potw1941a.jpg,galaxies
aug2-potw1144a.jpg,nebulae
aug2-opo9634g.jpg,solarsystem
aug2-heic0506b.jpg,nebulae
aug2-heic1805a.jpg,galaxies
aug2-potw2250a.jpg,nebulae
aug2-opo9834d.jpg,solarsystem
aug2-potw1907a.jpg,solarsystem
aug2-opo9433a.jpg,solarsystem
aug2-heic0615a.jpg,galaxies
aug2-heic1118b.jpg,nebulae
aug2-heic0602a.jpg,galaxies
aug2-potw1811a.jpg,galaxies
aug2-heic2011c.jpg,nebulae
aug2-heic2017a.jpg,solarsystem
aug2-potw1450a.jpg,galaxies
aug2-heic1716a.jpg,galaxies
aug2-potw1607a.jpg,nebulae
aug2-opo9935d.jpg,nebulae
aug2-potw2048a.jpg,galaxies
aug2-opo9516b.jpg,solarsystem
aug2-heic1402a.jpg,nebulae
aug2-potw2035a.jpg,galaxies
aug2-heic2011b.jpg,nebulae
aug2-potw1726a.jpg,galaxies
aug2-potw2330a.jpg,galaxies
aug2-potw1238a.jpg,galaxies
aug2-heic1602a.jpg,galaxies
aug2-opo1016b.jpg,solarsystem
aug2-heic1011a.jpg,nebulae
aug2-opo9634i.jpg,solarsystem
aug2-potw2115a.jpg,galaxies
aug2-heic0508a.jpg,solarsystem
aug2-opo1622c.jpg,solarsystem
aug2-potw1752b.jpg,galaxies
aug2-heic1410b.jpg,solarsystem
aug2-potw2027a.jpg,galaxies
aug2-potw1034a.jpg,nebulae
aug2-potw2032a.jpg,galaxies
aug2-potw1029a.jpg,galaxies
aug2-potw2152a.jpg,galaxies
aug2-heic0706a.jpg,galaxies
aug2-opo0624a.jpg,galaxies
aug2-potw1441a.jpg,galaxies
aug2-potw1836a.jpg,galaxies
aug2-opo9633c.jpg,solarsystem
aug2-potw2302a.jpg,galaxies
aug2-potw1716a.jpg,nebulae
aug2-potw2008a.jpg,galaxies
aug2-heic0719a.jpg,galaxies
aug2-potw2052a.jpg,galaxies
aug2-opo0107a.jpg,galaxies
aug2-heic0607b.jpg,nebulae
aug2-potw2111a.jpg,nebulae
aug2-potw1935a.jpg,galaxies
aug2-heic2008b.jpg,solarsystem
aug2-heic0503a.jpg,nebulae
aug2-opo9437a.jpg,solarsystem
aug2-heic1903a.jpg,galaxies
aug2-heic1206a.jpg,nebulae
aug2-opo9736e.jpg,solarsystem
aug2-heic1220a.jpg,nebulae
aug2-opo0415a.jpg,galaxies
aug2-heic1406a.jpg,nebulae
aug2-heic1322d.jpg,solarsystem
aug2-opo9634a3.jpg,solarsystem
aug2-heic2020c.jpg,nebulae
aug2-opo9835a.jpg,solarsystem
aug2-potw1929a.jpg,galaxies
aug2-heic1602b.jpg,galaxies
aug2-opo0511a.jpg,galaxies
aug2-potw1128a.jpg,nebulae
aug2-opo1431a.jpg,solarsystem
aug2-potw2044a.jpg,galaxies
aug2-heic0902a.jpg,galaxies
aug2-heic0609a.jpg,nebulae
aug2-heic1922b.jpg,solarsystem
aug2-potw1010a.jpg,nebulae
aug2-heic2020b.jpg,nebulae
aug2-opo0010a.jpg,nebulae
aug2-heic1816a.jpg,galaxies
aug2-potw1241a.jpg,nebulae
aug2-heic1507h.jpg,nebulae
aug2-heic0904e.jpg,solarsystem
aug2-potw1136a.jpg,nebulae
aug2-opo0732c.jpg,solarsystem
aug2-heic2018b.jpg,galaxies
aug2-heic0904a.jpg,solarsystem
aug2-potw1317a.jpg,nebulae
aug2-heic1815b.jpg,solarsystem
aug2-heic0904c.jpg,solarsystem
aug2-opo1622b.jpg,solarsystem
aug2-potw1110a.jpg,nebulae
aug2-heic0715a.jpg,nebulae
aug2-heic0109a.jpg,nebulae
aug2-potw1926a.jpg,galaxies
aug2-opo0429l.jpg,nebulae
aug2-heic1705a.jpg,nebulae
aug2-potw1347a.jpg,galaxies
aug2-potw1626a.jpg,galaxies
aug2-potw1539a.jpg,galaxies
aug2-heic1820b.jpg,galaxies
aug2-heic0712c.jpg,nebulae
aug2-heic1410e.jpg,solarsystem
aug2-opo1431b.jpg,solarsystem
aug2-opo9818a.jpg,solarsystem
aug2-opo1006d.jpg,solarsystem
aug2-potw1130a.jpg,nebulae
aug2-heic1007c.jpg,nebulae
aug2-opo1006c.jpg,solarsystem
aug2-heic1514a.jpg,galaxies
aug2-opo9913c.jpg,solarsystem
aug2-opo9634f.jpg,solarsystem
aug2-potw1338a.jpg,galaxies
aug2-opo9632b.jpg,solarsystem
aug2-potw1705a.jpg,nebulae
aug2-heic1914a.jpg,solarsystem
aug2-heic0206d.jpg,nebulae
aug2-potw1207a.jpg,nebulae
aug2-potw1345a.jpg,galaxies
aug2-potw2040a.jpg,galaxies
aug2-heic0814b.jpg,galaxies
aug2-heic0617b.jpg,nebulae
aug2-heic1814c.jpg,solarsystem
aug2-potw1502a.jpg,galaxies
aug2-heic1401a.jpg,galaxies
aug2-potw2126a.jpg,galaxies
aug2-heic1416a.jpg,galaxies
aug2-opo9434a.jpg,solarsystem
aug2-heic1819b.jpg,nebulae
aug2-opo9544b.jpg,nebulae
aug2-opo0823a.jpg,solarsystem
aug2-heic2017b.jpg,solarsystem
aug2-potw1947a.jpg,galaxies
aug2-potw2009a.jpg,galaxies
aug2-opo2043a.jpg,solarsystem
aug2-potw2222a.jpg,galaxies
aug2-opo9539c.jpg,solarsystem
aug2-opo9501a.jpg,nebulae
aug2-opo0030a.jpg,nebulae
aug2-potw2133a.jpg,galaxies
aug2-heic1808a.jpg,nebulae
aug2-heic1018a.jpg,nebulae
aug2-heic1914b.jpg,solarsystem
aug2-potw1430a.jpg,galaxies
aug2-opo9535b.jpg,solarsystem
aug2-opo9738f.jpg,nebulae
aug2-potw1033a.jpg,nebulae
aug2-potw1250a.jpg,nebulae
aug2-potw1721a.jpg,nebulae
aug2-heic2113c.jpg,solarsystem
aug2-opo9737b.jpg,solarsystem
aug2-heic1501b.jpg,nebulae
aug2-heic1202a.jpg,galaxies
aug2-potw1604a.jpg,galaxies
aug2-potw1445a.jpg,galaxies
aug2-opo9825a.jpg,nebulae
aug2-potw2007a.jpg,galaxies
aug2-heic1504e.jpg,solarsystem
aug2-opo1006b.jpg,solarsystem
aug2-opo0823c.jpg,solarsystem
aug2-opo1331a.jpg,solarsystem
aug2-heic1118a.jpg,nebulae
aug2-potw1124a.jpg,nebulae
aug2-opo9834e.jpg,solarsystem
aug2-opo0331a.jpg,nebulae
aug2-potw2213a.jpg,galaxies
aug2-heic0707a.jpg,nebulae
aug2-opo9804d.jpg,solarsystem
aug2-potw1818a.jpg,galaxies
aug2-potw1940a.jpg,galaxies
aug2-opo9630a.jpg,solarsystem
aug2-potw1538a.jpg,galaxies
aug2-potw1436a.jpg,galaxies
aug2-opo9929b.jpg,solarsystem
aug2-potw1448a.jpg,galaxies
aug2-potw1602a.jpg,galaxies
aug2-heic0601a.jpg,nebulae
aug2-heic0414a.jpg,nebulae
aug2-potw2042a.jpg,galaxies
aug2-heic1208a.jpg,galaxies
aug2-opo0405a.jpg,solarsystem
aug2-heic1015a.jpg,nebulae
aug2-heic1814d.jpg,solarsystem
aug2-heic2010a.jpg,galaxies
aug2-heic1504f.jpg,solarsystem
aug2-heic0206b.jpg,galaxies
aug2-opo9715c4.jpg,solarsystem
aug2-heic0105a.jpg,nebulae
aug2-potw1109a.jpg,nebulae
aug2-opo0028a.jpg,nebulae
aug2-potw1731a.jpg,galaxies
aug2-opo9709b1.jpg,solarsystem
aug2-heic1814b.jpg,solarsystem
aug2-potw2031a.jpg,galaxies
aug2-opo9634b.jpg,solarsystem
aug2-potw1417a.jpg,galaxies
aug2-potw1435a.jpg,galaxies
aug2-opo1436a.jpg,solarsystem
aug2-potw1918a.jpg,galaxies
aug2-heic0912a.jpg,galaxies
aug2-heic1504g.jpg,solarsystem
aug2-opo9537b.jpg,solarsystem
aug2-potw2129a.jpg,galaxies
aug2-heic1819d.jpg,nebulae
aug2-potw1211a.jpg,nebulae
aug2-potw2033a.jpg,nebulae
aug2-potw2334a.jpg,galaxies
aug2-heic0914a.jpg,galaxies
aug2-opo0322a.jpg,solarsystem
aug2-opo9839a.jpg,nebulae
aug2-potw1906a.jpg,solarsystem
aug2-heic0601d.jpg,nebulae
aug2-potw1425a.jpg,galaxies
aug2-opo9433b.jpg,solarsystem
aug2-opo2305a.jpg,solarsystem
aug2-heic1102a.jpg,nebulae
aug2-potw2113a.jpg,nebulae
aug2-potw1837a.jpg,galaxies
aug2-potw1008a.jpg,nebulae
aug2-heic1410a.jpg,solarsystem
aug2-potw2046a.jpg,galaxies
aug2-opo0124a.jpg,solarsystem
aug2-opo9426b.jpg,solarsystem
aug2-opo9828e.jpg,nebulae
aug2-opo0115c.jpg,solarsystem
aug2-opo9516g.jpg,solarsystem
aug2-potw2117a.jpg,nebulae
aug2-potw1030a.jpg,nebulae
aug2-opo9616c.jpg,solarsystem
aug2-opo9634h.jpg,solarsystem
aug2-heic0702a.jpg,nebulae
aug2-heic0509h.jpg,solarsystem
aug2-potw1106a.jpg,nebulae
aug2-potw2333a.jpg,galaxies
aug2-heic1410c.jpg,solarsystem
aug2-heic1806a.jpg,galaxies
aug2-heic1104a.jpg,galaxies
aug2-opo9603a.jpg,nebulae
aug2-opo0714a.jpg,solarsystem
aug2-opo9904a.jpg,nebulae
aug2-potw1026a.jpg,nebulae
aug2-opo9804b.jpg,solarsystem
aug2-opo1633c.jpg,solarsystem
aug2-potw2116a.jpg,galaxies
aug2-potw1520a.jpg,galaxies
aug2-heic1108a.jpg,galaxies
aug2-potw1329a.jpg,galaxies
aug2-opo9804c.jpg,solarsystem
aug2-opo0115d.jpg,solarsystem
aug2-heic0910q.jpg,solarsystem
aug2-potw1308a.jpg,nebulae
aug2-opo9516c.jpg,solarsystem
aug2-heic0506a.jpg,galaxies
aug2-heic2303a.jpg,solarsystem
aug2-potw1952a.jpg,galaxies
aug2-opo9925a.jpg,galaxies
aug2-opo0019c.jpg,nebulae
aug2-potw1112a.jpg,galaxies
aug2-heic1609b.jpg,solarsystem
aug2-opo1445a.jpg,solarsystem
aug2-opo0225a.jpg,nebulae
aug2-opo0842a.jpg,solarsystem
aug2-potw2005a.jpg,galaxies
aug2-opo9912a.jpg,nebulae
aug2-opo9935c.jpg,nebulae
aug2-opo0613a.jpg,nebulae
aug2-heic1507e.jpg,nebulae
aug2-potw1605a.jpg,galaxies
aug2-heic1316a.jpg,nebulae
aug2-heic1814a.jpg,solarsystem
aug2-heic1501a.jpg,nebulae
aug2-potw2131a.jpg,galaxies
aug2-opo0525a.jpg,nebulae
aug2-heic1509d.jpg,nebulae
aug2-heic1507b.jpg,nebulae
aug2-heic0009a.jpg,solarsystem
aug2-opo1419c.jpg,solarsystem
aug2-opo0320a.jpg,nebulae
aug2-potw1127a.jpg,nebulae
aug2-heic1920c.jpg,galaxies
aug2-opo1330c.jpg,solarsystem
aug2-opo9516i.jpg,solarsystem
aug2-potw2232a.jpg,nebulae
aug2-opo0323c.jpg,solarsystem
aug2-opo1733a.jpg,galaxies
aug2-heic0508e.jpg,solarsystem
aug2-opo9913d.jpg,solarsystem
aug2-potw2102a.jpg,galaxies
aug2-opo0732f.jpg,solarsystem
aug2-potw1901a.jpg,galaxies
aug2-opo0501a.jpg,galaxies
aug2-potw1246a.jpg,galaxies
aug2-heic1520b.jpg,nebulae
aug2-potw1933a.jpg,nebulae
aug2-potw1151a.jpg,galaxies
aug2-opo0430a.jpg,solarsystem
aug2-opo0432d.jpg,nebulae
aug2-potw2204a.jpg,galaxies
aug2-opo1113a.jpg,solarsystem
aug2-potw2020a.jpg,galaxies
aug2-potw2244a.jpg,galaxies
aug2-opo0619b.jpg,solarsystem
aug2-heic1105a.jpg,nebulae
aug2-heic1403a.jpg,galaxies
aug2-opo0115f.jpg,solarsystem
aug2-heic1006a.jpg,galaxies
aug2-heic0209a.jpg,nebulae
aug2-heic1808e.jpg,nebulae
aug2-heic1920a.jpg,galaxies
aug2-potw1950a.jpg,galaxies
aug2-heic1218a.jpg,galaxies
aug2-heic1601b.jpg,nebulae
aug2-potw2114a.jpg,galaxies
aug2-opo1633d.jpg,solarsystem
aug2-heic1402b.jpg,nebulae
aug2-potw1451a.jpg,galaxies
aug2-potw2201a.jpg,galaxies
aug2-potw2104a.jpg,nebulae
aug2-heic0601g.jpg,nebulae
aug2-potw1720c.jpg,nebulae
aug2-heic9910a.jpg,nebulae
aug2-opo9935e.jpg,nebulae
aug2-heic0416a.jpg,nebulae
aug2-potw2219a.jpg,nebulae
aug2-opo9516d.jpg,solarsystem
aug2-heic1801a.jpg,galaxies
aug2-heic1901a.jpg,galaxies
aug2-opo1419b.jpg,solarsystem
aug2-heic0904d.jpg,solarsystem
aug2-opo9455a.jpg,solarsystem
aug2-heic0514a.jpg,nebulae
aug2-potw2043a.jpg,galaxies
aug2-opo0309a.jpg,nebulae
aug2-opo0328a.jpg,galaxies
aug2-opo9721a.jpg,solarsystem
aug2-potw1946a.jpg,galaxies
aug2-opo9805a.jpg,solarsystem
aug2-heic1707a.jpg,nebulae
aug2-heic2002a.jpg,galaxies
aug2-heic2007a.jpg,nebulae
aug2-potw1810a.jpg,galaxies
aug2-opo0806c.jpg,solarsystem
aug2-heic2113d.jpg,solarsystem
aug2-potw1427a.jpg,galaxies
aug2-opo9834b.jpg,solarsystem
aug2-heic1509a.jpg,nebulae
aug2-heic2307a.jpg,solarsystem
aug2-opo9539b.jpg,solarsystem
aug2-potw1312a.jpg,nebulae
aug2-opo1622f.jpg,solarsystem
aug2-opo0827d.jpg,solarsystem
aug2-heic1516a.jpg,galaxies
aug2-potw1402a.jpg,galaxies
aug2-heic1906a.jpg,solarsystem
aug2-heic1412a.jpg,galaxies
aug2-opo0842c.jpg,solarsystem
aug2-opo0708a.jpg,galaxies
aug2-potw1928a.jpg,galaxies
aug2-heic0406a.jpg,galaxies
aug2-heic1608a.jpg,nebulae
aug2-opo9417a.jpg,solarsystem
aug2-opo9738a.jpg,nebulae
aug2-potw2121a.jpg,galaxies
aug2-heic1509e.jpg,nebulae
aug2-opo0417i.jpg,nebulae
aug2-opo1007b.jpg,solarsystem
aug2-potw1540a.jpg,nebulae
aug2-heic0712b.jpg,nebulae
aug2-opo9927b.jpg,solarsystem
aug2-potw1720b.jpg,nebulae
aug2-heic1811a.jpg,galaxies
aug2-potw1720e.jpg,nebulae
aug2-potw1123a.jpg,nebulae
aug2-heic1414a.jpg,galaxies
aug2-potw2026a.jpg,galaxies
aug2-heic1708a.jpg,solarsystem
aug2-potw2006a.jpg,galaxies
aug2-heic1305a.jpg,galaxies
